Workbook

Sheet Resumo
A1: PLANO DE TREINO — PAULO
A2: Coaching Físico Personalizado | Foco: Recomposição Corporal (hipertrofia + perda de gordura + saúde)
A4: Dado | B4: Valor | C4: Observação
A5: Peso atual (kg) | B5: 122
A6: Altura (m) | B6: 1.73
A7: IMC | B7: =B5/(B6^2) -> 40.763139 | C7: Vamos priorizar exercícios com bom controle de impacto articular considerando esse número.
A8: Meta de hidratação (L/dia) | B8: =B5*0.035 -> 4.27 | C8: ~35ml/kg/dia — ver aba Hábitos e Recomendações
A9: Frequência de treino | B9: 4 | C9: dias/semana, ~60-90min/sessão
A10: Split | B10: Upper/Lower (A/B) | C10: 2x/semana por grupo muscular prioritário
A11: Objetivo prioritário | B11: Recomposição corporal | C11: Perder gordura preservando e ganhando músculo, com foco em peito, costas e perna.
A12: Horizonte | B12: 12 meses | C12: Vamos reavaliar e revisar o plano a cada 6-8 semanas.
A14: PRINCÍPIOS-CHAVE DESTE PLANO
A15: • Treinar próximo da falha.
A16: • Controlar sempre a descida do movimento (2-3 segundos) — na 1ª série de cada exercício, subir e descer mais devagar (conexão mente-músculo).
A17: • Aumentar a carga progressivamente sempre que atingir o topo da faixa de repetições, respeitando a execução.
A18: • Em exercícios seguros de máquina, ao chegar à falha, fazer algumas repetições parciais.
A19: • Vamos priorizar exercícios com bom controle de impacto articular.
A20: • Recomposição corporal exige déficit calórico moderado + proteína adequada + treino consistente — sem emagrecer a qualquer custo, e sim preservando (e ganhando) massa muscular.
A22: VOLUME SEMANAL POR GRUPO MUSCULAR (resumo)
A23: Grupo Muscular
A24: Peito | B24: ='Volume Semanal'!F5 -> 13 | C24: Prioritário
A25: Costas | B25: ='Volume Semanal'!F6 -> 14 | C25: Prioritário
A26: Ombro | B26: ='Volume Semanal'!F7 -> 12 | C26: Manutenção
A27: Bíceps | B27: ='Volume Semanal'!F8 -> 6 | C27: Manutenção
A28: Tríceps | B28: ='Volume Semanal'!F9 -> 6 | C28: Manutenção
A29: Quadríceps | B29: ='Volume Semanal'!F10 -> 14 | C29: Prioritário
A30: Posterior/Glúteo | B30: ='Volume Semanal'!F11 -> 20 | C30: Prioritário
A31: Panturrilha | B31: ='Volume Semanal'!F12 -> 8 | C31: Manutenção
A32: Abdômen | B32: ='Volume Semanal'!F13 -> 10 | C32: Manutenção

Sheet Volume Semanal
A1: VOLUME SEMANAL DE SÉRIES POR GRUPO MUSCULAR
A2: Séries efetivas por grupo muscular em cada dia de treino
A4: Grupo Muscular | B4: Segunda | C4: Terça | D4: Quinta | E4: Sexta | F4: Total/Semana
A5: Peito | B5: =SUMIFS(Segunda!$D:$D,Segunda!$B:$B,$A5) -> 7 | C5: =SUMIFS(Terça!$D:$D,Terça!$B:$B,$A5) -> 0 | D5: =SUMIFS(Quinta!$D:$D,Quinta!$B:$B,$A5) -> 6 | E5: =SUMIFS(Sexta!$D:$D,Sexta!$B:$B,$A5) -> 0 | F5: =SUM(B5:E5) -> 13
A6: Costas | B6: =SUMIFS(Segunda!$D:$D,Segunda!$B:$B,$A6) -> 7 | C6: =SUMIFS(Terça!$D:$D,Terça!$B:$B,$A6) -> 0 | D6: =SUMIFS(Quinta!$D:$D,Quinta!$B:$B,$A6) -> 7 | E6: =SUMIFS(Sexta!$D:$D,Sexta!$B:$B,$A6) -> 0 | F6: =SUM(B6:E6) -> 14
A7: Ombro | B7: =SUMIFS(Segunda!$D:$D,Segunda!$B:$B,$A7) -> 6 | C7: =SUMIFS(Terça!$D:$D,Terça!$B:$B,$A7) -> 0 | D7: =SUMIFS(Quinta!$D:$D,Quinta!$B:$B,$A7) -> 6 | E7: =SUMIFS(Sexta!$D:$D,Sexta!$B:$B,$A7) -> 0 | F7: =SUM(B7:E7) -> 12
A8: Bíceps | B8: =SUMIFS(Segunda!$D:$D,Segunda!$B:$B,$A8) -> 3 | C8: =SUMIFS(Terça!$D:$D,Terça!$B:$B,$A8) -> 0 | D8: =SUMIFS(Quinta!$D:$D,Quinta!$B:$B,$A8) -> 3 | E8: =SUMIFS(Sexta!$D:$D,Sexta!$B:$B,$A8) -> 0 | F8: =SUM(B8:E8) -> 6
A9: Tríceps | B9: =SUMIFS(Segunda!$D:$D,Segunda!$B:$B,$A9) -> 3 | C9: =SUMIFS(Terça!$D:$D,Terça!$B:$B,$A9) -> 0 | D9: =SUMIFS(Quinta!$D:$D,Quinta!$B:$B,$A9) -> 3 | E9: =SUMIFS(Sexta!$D:$D,Sexta!$B:$B,$A9) -> 0 | F9: =SUM(B9:E9) -> 6
A10: Quadríceps | B10: =SUMIFS(Segunda!$D:$D,Segunda!$B:$B,$A10) -> 0 | C10: =SUMIFS(Terça!$D:$D,Terça!$B:$B,$A10) -> 11 | D10: =SUMIFS(Quinta!$D:$D,Quinta!$B:$B,$A10) -> 0 | E10: =SUMIFS(Sexta!$D:$D,Sexta!$B:$B,$A10) -> 3 | F10: =SUM(B10:E10) -> 14
A11: Posterior/Glúteo | B11: =SUMIFS(Segunda!$D:$D,Segunda!$B:$B,$A11) -> 0 | C11: =SUMIFS(Terça!$D:$D,Terça!$B:$B,$A11) -> 9 | D11: =SUMIFS(Quinta!$D:$D,Quinta!$B:$B,$A11) -> 0 | E11: =SUMIFS(Sexta!$D:$D,Sexta!$B:$B,$A11) -> 11 | F11: =SUM(B11:E11) -> 20
A12: Panturrilha | B12: =SUMIFS(Segunda!$D:$D,Segunda!$B:$B,$A12) -> 0 | C12: =SUMIFS(Terça!$D:$D,Terça!$B:$B,$A12) -> 4 | D12: =SUMIFS(Quinta!$D:$D,Quinta!$B:$B,$A12) -> 0 | E12: =SUMIFS(Sexta!$D:$D,Sexta!$B:$B,$A12) -> 4 | F12: =SUM(B12:E12) -> 8
A13: Abdômen | B13: =SUMIFS(Segunda!$D:$D,Segunda!$B:$B,$A13) -> 3 | C13: =SUMIFS(Terça!$D:$D,Terça!$B:$B,$A13) -> 0 | D13: =SUMIFS(Quinta!$D:$D,Quinta!$B:$B,$A13) -> 4 | E13: =SUMIFS(Sexta!$D:$D,Sexta!$B:$B,$A13) -> 3 | F13: =SUM(B13:E13) -> 10
A14: TOTAL GERAL | B14: =SUM(B5:B13) -> 29 | C14: =SUM(C5:C13) -> 24 | D14: =SUM(D5:D13) -> 29 | E14: =SUM(E5:E13) -> 21 | F14: =SUM(F5:F13) -> 103

Sheet Segunda
A1: SEGUNDA — SUPERIOR A — Ênfase Peito
A2: 🟡 Preencha a coluna "Carga (kg)" a cada treino para acompanhar sua evolução.
A4: Nº | B4: Grupo Muscular | C4: Exercício | D4: Séries | E4: Repetições | F4: Descanso | G4: Carga (kg) | H4: Observações Técnicas
A5: 1 | B5: Peito | C5: Crucifixo na máquina | D5: 4 | E5: 8-10 | F5: 90s | H5: Volta controlada (3s). 1ª série: execução lenta para conexão muscular - 15 repetições, restante das séries seguir Coluna E. Manter braços semi flexionados. Peito estufado. Lombar levemente arqueada e sem encostar no banco. Segurar 1s na contração máxima, sem bater os punhos um no outro.
A6: 2 | B6: Peito | C6: Supino inclinado na máquina | D6: 3 | E6: 10-12 | F6: 90s | H6: Descida controlada (3s). Cotovelos a ~45° do tronco. Última série: drop set. Peito estufado, escápulas retraídas contra o encosto. Não travar o cotovelo no topo do movimento.
A7: 3 | B7: Costas | C7: Remada baixa no cabo (pegada aberta) | D7: 4 | E7: 10-12 | F7: 90s | H7: Tronco estável, sem usar impulso para puxar o peso. Cotovelos abrindo para fora, levando o peso até o abdômen. Segurar 1s na contração final, escápulas se aproximando.
A8: 4 | B8: Costas | C8: Puxada frente (pegada neutra aberta) | D8: 3 | E8: 10-12 | F8: 90s | H8: Puxar levando os cotovelos para baixo e levemente para trás, sem balançar o tronco. Leve arqueamento da lombar, peito na direção da barra.
A9: 5 | B9: Ombro | C9: Desenvolvimento máquina | D9: 3 | E9: 10-12 | F9: 75s | H9: Não travar o cotovelo no topo, controlar a descida. (2s)
A10: 6 | B10: Ombro | C10: Elevação lateral com halteres | D10: 3 | E10: 15 | F10: 60s | H10: Subida controlada, sem embalo. Cotovelos levemente flexionados, subir até a linha do ombro. Leve inclinação de tronco à frente para tirar o trapézio do movimento.
A11: 7 | B11: Tríceps | C11: Tríceps corda na polia | D11: 3 | E11: 12-15 | F11: 60s | H11: Cotovelos fixos ao lado do corpo durante toda a execução. Abrir levemente a corda no fim do movimento
A12: 8 | B12: Bíceps | C12: Rosca alternada com halteres | D12: 3 | E12: 12 | F12: 60s | H12: Supinar o antebraço durante a subida (girar a palma para cima). Cotovelo fixo ao lado do corpo, sem balançar o tronco. Movimento controlado - descida 3s.
A13: 9 | B13: Abdômen | C13: Abdômen na máquina | D13: 3 | E13: 15 | F13: 45s | H13: Contração focada, sem tirar o quadril do banco.
D14: =SUM(D5:D13) -> 29

Sheet Terça
A1: TERÇA — INFERIOR A — Ênfase Quadríceps
A2: 🟡 Preencha a coluna "Carga (kg)" a cada treino para acompanhar sua evolução.
A4: Nº | B4: Grupo Muscular | C4: Exercício | D4: Séries | E4: Repetições | F4: Descanso | G4: Carga (kg) | H4: Observações Técnicas
A5: 1 | B5: Quadríceps | C5: Cadeira extensora | D5: 4 | E5: 12-15 | F5: 60s | H5: Descida controlada (3s). 1ª série: execução lenta para conexão muscular - 15 repetições, restante das séries seguir Coluna E. Segurar 2s no topo com contração máxima do quadríceps. Última série: drop set. Manter a lombar apoiada no encosto, sem compensar com o quadril.
A6: 2 | B6: Quadríceps | C6: Leg press 45° | D6: 4 | E6: 10-12 | F6: 120s | H6: Movimento controlado na descida, sem soltar o peso. Descer até ~90° de joelho (dentro do confortável), sem tirar a lombar do banco. Empurrar sem travar o joelho no topo. Aumentar a carga a cada série - aqui vamos fazer força.
A7: 3 | B7: Quadríceps | C7: Hack machine (ou agachamento no Smith) | D7: 3 | E7: 10 | F7: 90s | H7: Descida controlada, pés na largura dos ombros e levemente à frente do quadril. Joelhos alinhados com a ponta dos pés, evitando que caiam para dentro. Tronco estável durante todo o movimento, sem inclinar para frente.
A8: 4 | B8: Posterior/Glúteo | C8: Mesa flexora (ou cadeira flexora) | D8: 3 | E8: 12 | F8: 75s | H8: Movimento controlado, sem usar impulso do quadril para puxar o peso. Segurar 1s no pico de contração, sentindo o posterior de coxa trabalhar. Evitar arquear a lombar durante a execução.
A9: 5 | B9: Posterior/Glúteo | C9: Cadeira abdutora | D9: 3 | E9: 15-20 | F9: 45s | H9: Movimento controlado nas duas fases (ida e volta), sem usar embalo. Amplitude completa, buscando sentir o glúteo médio contraindo na abertura. Tronco encostado no banco durante toda a série. Aumentar carga a cada serie.
A10: 6 | B10: Posterior/Glúteo | C10: Cadeira adutora | D10: 3 | E10: 15-20 | F10: 45s | H10: Movimento controlado, fechando as pernas contra a resistência sem usar impulso. Segurar 1s na contração final. Adutores são importantes na estabilização do joelho durante agachamento e leg press, então vale a pena sentir bem a contração aqui.
A11: 7 | B11: Panturrilha | C11: Panturrilha em pé | D11: 4 | E11: 15-20 | F11: 45s | H11: Movimento controlado, amplitude total: alongar bem embaixo e contrair firme em cima, segurando 1s na contração máxima. Evitar "quicar" no final da descida pra não perder tensão no músculo.
D12: =SUM(D5:D11) -> 24

Sheet Quinta
A1: QUINTA — SUPERIOR B — Ênfase Costas
A2: 🟡 Preencha a coluna "Carga (kg)" a cada treino para acompanhar sua evolução.
A4: Nº | B4: Grupo Muscular | C4: Exercício | D4: Séries | E4: Repetições | F4: Descanso | G4: Carga (kg) | H4: Observações Técnicas
A5: 1 | B5: Costas | C5: Barra fixa assistida (pegada pronada aberta) | D5: 4 | E5: 8-10 | F5: 90s | H5: Descida controlada (3s). 1ª série: execução lenta para conexão muscular - 15 repetições (com mais assistência), restante das séries seguir Coluna E, ajustando a menor assistência que permitir completar as reps com boa execução. Cotovelos indo para baixo e para trás. Última série: descansar 15s e repetir até a falha (rest-pause).
A6: 2 | B6: Costas | C6: Remada máquina (pegada aberta) | D6: 3 | E6: 10 | F6: 90s | H6: Movimento controlado, sem usar impulso do tronco para puxar o peso. Cotovelos abrindo para os lados, levando os punhos em direção às costelas. Segurar 1s com as escápulas se aproximando no final do movimento.
A7: 3 | B7: Peito | C7: Crucifixo na máquina (peck deck) | D7: 3 | E7: 12-15 | F7: 75s | H7: Movimento controlado em arco, sem travar os cotovelos no início. Peito estufado, buscando "abraçar" a máquina na volta. Última série: drop set, reduzindo a carga e continuando até a falha.
A8: 4 | B8: Peito | C8: Supino máquina declinado | D8: 3 | E8: 10-12 | F8: 90s | H8: Empurrar em trajetória diagonal para baixo, controlando a descida (3s). Foco na contração da porção inferior do peitoral no pico do movimento, sem travar o cotovelo.
A9: 5 | B9: Ombro | C9: Elevação lateral na polia | D9: 3 | E9: 15 | F9: 60s | H9: Movimento controlado. Cotovelo levemente flexionado, subir até a linha do ombro. Corpo levemente inclinado para o lado contrário à polia, ajuda a manter a tensão certa no deltoide lateral.
A10: 6 | B10: Ombro | C10: Crucifixo inverso (peck deck invertido ou halteres com tronco inclinado) | D10: 3 | E10: 15 | F10: 60s | H10: Cotovelos levemente flexionados, puxar os braços para trás em arco, sem usar impulso do tronco. Foco na contração do deltoide posterior, evitando "subir" o ombro (isso rouba o trabalho pro trapézio).
A11: 7 | B11: Bíceps | C11: Rosca 21 (barra W) | D11: 3 | E11: 21 (7+7+7) | F11: 90s | H11: Técnica de série 21: primeiras 7 repetições na metade inferior do movimento (da extensão total até 90°), próximas 7 na metade superior (de 90° até a flexão total), últimas 7 no movimento completo. Cotovelos fixos ao lado do corpo durante toda a série, sem balançar o tronco. Gera bastante acúmulo metabólico — é normal a carga precisar ser mais leve que numa rosca tradicional.
A12: 8 | B12: Tríceps | C12: Tríceps testa corda na polia | D12: 3 | E12: 12 | F12: 60s | H12: Preso à polia alta com a corda, cotovelos fixos ao lado da cabeça durante toda a execução. Descer a corda controladamente atrás da cabeça até sentir alongar o tríceps, sem abrir os cotovelos para os lados. Na subida, abrir levemente as pontas da corda no fim do movimento, buscando a contração máxima.
A13: 9 | B13: Abdômen | C13: Abdômen infra (elevação de pernas) | D13: 4 | E13: 15-20 | F13: 45s | H13: Movimento controlado, sem usar embalo nem impulso do quadril. Levar a bacia em direção às costelas no topo do movimento (não só levantar as pernas). Descer as pernas sem deixar a lombar arquear.
D14: =SUM(D5:D13) -> 29

Sheet Sexta
A1: SEXTA — INFERIOR B — Ênfase Posterior/Glúteo
A2: 🟡 Preencha a coluna "Carga (kg)" a cada treino para acompanhar sua evolução.
A4: Nº | B4: Grupo Muscular | C4: Exercício | D4: Séries | E4: Repetições | F4: Descanso | G4: Carga (kg) | H4: Observações Técnicas
A5: 1 | B5: Posterior/Glúteo | C5: Cadeira flexora | D5: 3 | E5: 12 | F5: 75s | H5: Descida controlada (3s). 1ª série: execução lenta para conexão muscular - 15 repetições, restante das séries seguir Coluna E. Segurar 1s no pico de contração, sentindo bem o posterior de coxa trabalhar. Evitar arquear a lombar durante a execução. Última série: drop set.
A6: 2 | B6: Posterior/Glúteo | C6: Stiff com halteres (ou barra) | D6: 4 | E6: 10-12 | F6: 90s | H6: Movimento controlado, joelhos levemente flexionados (não esticados), quadril indo levemente para trás quando desce. Halteres/barra deslizando próximos às pernas. Descer até sentir alongar o posterior de coxa, manter a lombar neutra.
A7: 3 | B7: Posterior/Glúteo | C7: Elevação pélvica (hip thrust) | D7: 4 | E7: 8-10 | F7: 90s | H7: Movimento controlado, sem usar impulso das pernas para subir rápido demais. Segurar 2s no topo, contraindo bem o glúteo, queixo neutro (sem jogar a cabeça para trás). Descer sem deixar o quadril bater no chão/banco, mantendo tensão constante no glúteo.
A8: 4 | B8: Quadríceps | C8: Afundo ou passada | D8: 3 | E8: 10 (cada perna) | F8: 90s | H8: Passo controlado na descida, joelho da frente alinhado com o pé (sem passar muito à frente da ponta do pé). Tronco ereto, leve inclinação à frente é normal. Descer até o joelho de trás quase tocar o chão, sem perder o equilíbrio
A9: 5 | B9: Panturrilha | C9: Panturrilha sentado | D9: 4 | E9: 15-20 | F9: 45s | H9: Movimento controlado, amplitude total: alongar bem embaixo e contrair firme em cima, segurando 1s na contração máxima. Foco no sóleo (por isso sentado, com o joelho flexionado) — evitar "quicar" no final da descida para não perder tensão.
A10: 6 | B10: Abdômen | C10: Prancha isométrica | D10: 3 | E10: 40-60s | F10: 45s | H10: Corpo alinhado da cabeça aos calcanhares, sem deixar o quadril cair nem subir demais. Cotovelos alinhados abaixo dos ombros. Respiração controlada durante o tempo todo — não prender a respiração. Contrair abdômen e glúteo simultaneamente para manter a postura.
D11: =SUM(D5:D10) -> 21

Sheet Hábitos e Recomendações
A1: HÁBITOS E RECOMENDAÇÕES DE ESTILO DE VIDA
A2: Esses hábitos também impactam seus resultados, além do treino em si.
A4: Item | B4: Meta / Orientação | C4: Observação
A5: Hidratação | B5: =Resumo!B8 & " litros/dia" -> 4,27 litros/dia | C5: Baseado em ~35ml/kg. Importante.
A6: Sono | B6: Tentar 7 horas no mínimo/noite | C6: Você está dormindo 5-6h — isso prejudica recuperação, saciedade e adesão ao treino, então é prioridade ajustar aos poucos.
A7: Cardio (escada) | B7: 4x por semana, 30 min por sessão | C7: Meta inicial realista — durante os dias de treino.
A8: Álcool | B8: Manter (já não consome)
A9: Estresse | B9: Ficar de olho ao longo do processo | C9: Seu nível de estresse hoje é moderado — vamos acompanhar se isso muda com a rotina de trabalho e sono, já que pode afetar recuperação e adesão ao treino.
A10: Consistência/disciplina | B10: Reforçar com metas semanais pequenas | C10: Você comentou que a disciplina costuma oscilar um pouco — vamos quebrar em metas semanais pequenas e usar check-ins regulares pra manter o ritmo.
A11: Acompanhamento hormonal | B11: Manter acompanhamento em dia | C11: . Testosterona livre no último exame: 1,438 ng/dL.
A12: Nutrição | B12: Manter equilíbrio, priorizar uma alimentaçao balanceada | C12: Você ainda não tem acompanhamento nutricional — vale muito considerar, também estou disposto a ajudar com isso se for o caso.

Sheet Progressão de Carga
A1: REGISTRO DE PROGRESSÃO DE CARGA
A2: 🟡 Preencha semanalmente com a carga utilizada nos exercícios-chave para acompanhar a evolução ao longo do tempo.
A4: Semana | B4: Leg Press 45° (kg) | C4: Supino máquina (kg) | D4: Puxada Frente (kg) | E4: Stiff (kg) | F4: Observações
A5: Exemplo | B5: 110 | C5: 40 | D5: 35 | E5: 30 | F5: Linha de exemplo — não editar
A6: Semana 1
A7: Semana 2
A8: Semana 3
A9: Semana 4
A10: Semana 5
A11: Semana 6
A12: Semana 7
A13: Semana 8
A14: Semana 9
A15: Semana 10
A16: Semana 11
A17: Semana 12

Sheet Observações e Diretrizes
A1: REGRAS GERAIS, DIRETRIZES E DISCLAIMER
A3: Regras Gerais de Execução
A4: • Priorize sempre a execução correta dos exercícios, mesmo que isso signifique usar menos carga.
A5: • As repetições indicadas são uma referência — use uma carga que te leve próximo da falha dentro da faixa estipulada.
A6: • Controle sempre a descida do movimento (2-3 segundos).
A7: • Na 1ª série de cada exercício, faça subida e descida mais lentas para melhorar a conexão mente-músculo.
A8: • Descanse entre 60 e 90 segundos entre séries (ou conforme indicado em cada exercício).
A9: • Ao atingir o topo da faixa de repetições, aumente levemente a carga no próximo treino.
A10: • Em exercícios seguros de máquina, ao chegar à falha, faça algumas repetições parciais.
A12: Recomposição Corporal — Como Pensar Sobre o Processo
A13: • O objetivo não é emagrecer a qualquer custo — é reduzir gordura corporal preservando e ganhando massa muscular, especialmente em peito, costas e perna.
A14: • Isso exige déficit calórico moderado (não agressivo), ingestão adequada de proteína e treino consistente — velocidade de resultado será mais lenta que um emagrecimento puro, mas o resultado estético final é muito superior.
... A27: Os resultados podem variar de pessoa para pessoa e dependem de diversos fatores, incluindo consistência no treinamento, alimentação, sono, condições hormonais e de saúde individuais. Ao seguir as orientações deste material, você declara estar ciente dessas condições e assume responsabilidade pela prática das atividades propostas.
